student_id,event_timestamp,skill_gap_index
CSE_0001,2026-01-01 00:00:00+00:00,10.89
CSE_0002,2026-01-01 00:00:00+00:00,0.0
CSE_0003,2026-01-01 00:00:00+00:00,0.0
CSE_0004,2026-01-01 00:00:00+00:00,0.0
CSE_0005,2026-01-01 00:00:00+00:00,0.0
CSE_0006,2026-01-01 00:00:00+00:00,9.84
CSE_0007,2026-01-01 00:00:00+00:00,16.22
CSE_0008,2026-01-01 00:00:00+00:00,4.43
CSE_0009,2026-01-01 00:00:00+00:00,0.0
CSE_0010,2026-01-01 00:00:00+00:00,7.57
CSE_0011,2026-01-01 00:00:00+00:00,15.87
CSE_0012,2026-01-01 00:00:00+00:00,0.0
CSE_0013,2026-01-01 00:00:00+00:00,0.0
CSE_0014,2026-01-01 00:00:00+00:00,30.75
CSE_0015,2026-01-01 00:00:00+00:00,0.0
CSE_0016,2026-01-01 00:00:00+00:00,12.82
CSE_0017,2026-01-01 00:00:00+00:00,0.0
CSE_0018,2026-01-01 00:00:00+00:00,30.45
CSE_0019,2026-01-01 00:00:00+00:00,28.26
CSE_0020,2026-01-01 00:00:00+00:00,26.2
CSE_0021,2026-01-01 00:00:00+00:00,10.29
CSE_0022,2026-01-01 00:00:00+00:00,11.51
CSE_0023,2026-01-01 00:00:00+00:00,40.14
CSE_0024,2026-01-01 00:00:00+00:00,0.0
CSE_0025,2026-01-01 00:00:00+00:00,38.66
CSE_0026,2026-01-01 00:00:00+00:00,0.0
CSE_0027,2026-01-01 00:00:00+00:00,23.6
CSE_0028,2026-01-01 00:00:00+00:00,16.88
CSE_0029,2026-01-01 00:00:00+00:00,17.94
CSE_0030,2026-01-01 00:00:00+00:00,10.15
CSE_0031,2026-01-01 00:00:00+00:00,18.33
CSE_0032,2026-01-01 00:00:00+00:00,45.99
CSE_0033,2026-01-01 00:00:00+00:00,0.0
CSE_0034,2026-01-01 00:00:00+00:00,0.0
CSE_0035,2026-01-01 00:00:00+00:00,28.94
CSE_0036,2026-01-01 00:00:00+00:00,0.0
CSE_0037,2026-01-01 00:00:00+00:00,11.32
CSE_0038,2026-01-01 00:00:00+00:00,23.99
CSE_0039,2026-01-01 00:00:00+00:00,35.52
CSE_0040,2026-01-01 00:00:00+00:00,15.03
CSE_0041,2026-01-01 00:00:00+00:00,4.12
CSE_0042,2026-01-01 00:00:00+00:00,0.0
CSE_0043,2026-01-01 00:00:00+00:00,6.86
CSE_0044,2026-01-01 00:00:00+00:00,0.0
CSE_0045,2026-01-01 00:00:00+00:00,28.96
CSE_0046,2026-01-01 00:00:00+00:00,0.69
CSE_0047,2026-01-01 00:00:00+00:00,9.02
CSE_0048,2026-01-01 00:00:00+00:00,0.0
CSE_0049,2026-01-01 00:00:00+00:00,0.0
CSE_0050,2026-01-01 00:00:00+00:00,22.79
CSE_0051,2026-01-01 00:00:00+00:00,1.13
CSE_0052,2026-01-01 00:00:00+00:00,8.88
CSE_0053,2026-01-01 00:00:00+00:00,16.36
CSE_0054,2026-01-01 00:00:00+00:00,0.0
CSE_0055,2026-01-01 00:00:00+00:00,6.62
CSE_0056,2026-01-01 00:00:00+00:00,0.0
CSE_0057,2026-01-01 00:00:00+00:00,32.92
CSE_0058,2026-01-01 00:00:00+00:00,35.8
CSE_0059,2026-01-01 00:00:00+00:00,29.0
CSE_0060,2026-01-01 00:00:00+00:00,0.0
CSE_0061,2026-01-01 00:00:00+00:00,31.94
CSE_0062,2026-01-01 00:00:00+00:00,20.09
CSE_0063,2026-01-01 00:00:00+00:00,8.59
CSE_0064,2026-01-01 00:00:00+00:00,13.61
CSE_0065,2026-01-01 00:00:00+00:00,6.25
CSE_0066,2026-01-01 00:00:00+00:00,34.19
CSE_0067,2026-01-01 00:00:00+00:00,8.12
CSE_0068,2026-01-01 00:00:00+00:00,6.33
CSE_0069,2026-01-01 00:00:00+00:00,17.48
CSE_0070,2026-01-01 00:00:00+00:00,3.24
CSE_0071,2026-01-01 00:00:00+00:00,29.38
CSE_0072,2026-01-01 00:00:00+00:00,31.29
CSE_0073,2026-01-01 00:00:00+00:00,0.0
CSE_0074,2026-01-01 00:00:00+00:00,15.9
CSE_0075,2026-01-01 00:00:00+00:00,20.76
CSE_0076,2026-01-01 00:00:00+00:00,0.0
CSE_0077,2026-01-01 00:00:00+00:00,6.24
CSE_0078,2026-01-01 00:00:00+00:00,0.0
CSE_0079,2026-01-01 00:00:00+00:00,0.0
CSE_0080,2026-01-01 00:00:00+00:00,20.4
CSE_0081,2026-01-01 00:00:00+00:00,0.0
CSE_0082,2026-01-01 00:00:00+00:00,3.43
CSE_0083,2026-01-01 00:00:00+00:00,0.0
CSE_0084,2026-01-01 00:00:00+00:00,1.14
CSE_0085,2026-01-01 00:00:00+00:00,11.03
CSE_0086,2026-01-01 00:00:00+00:00,0.0
CSE_0087,2026-01-01 00:00:00+00:00,8.42
CSE_0088,2026-01-01 00:00:00+00:00,0.0
CSE_0089,2026-01-01 00:00:00+00:00,0.0
CSE_0090,2026-01-01 00:00:00+00:00,0.0
CSE_0091,2026-01-01 00:00:00+00:00,26.02
CSE_0092,2026-01-01 00:00:00+00:00,10.68
CSE_0093,2026-01-01 00:00:00+00:00,0.0
CSE_0094,2026-01-01 00:00:00+00:00,17.34
CSE_0095,2026-01-01 00:00:00+00:00,0.0
CSE_0096,2026-01-01 00:00:00+00:00,27.35
CSE_0097,2026-01-01 00:00:00+00:00,0.0
CSE_0098,2026-01-01 00:00:00+00:00,4.6
CSE_0099,2026-01-01 00:00:00+00:00,6.18
CSE_0100,2026-01-01 00:00:00+00:00,32.84
CSE_0101,2026-01-01 00:00:00+00:00,6.71
CSE_0102,2026-01-01 00:00:00+00:00,6.48
CSE_0103,2026-01-01 00:00:00+00:00,21.76
CSE_0104,2026-01-01 00:00:00+00:00,22.32
CSE_0105,2026-01-01 00:00:00+00:00,0.0
CSE_0106,2026-01-01 00:00:00+00:00,0.0
CSE_0107,2026-01-01 00:00:00+00:00,0.0
CSE_0108,2026-01-01 00:00:00+00:00,0.0
CSE_0109,2026-01-01 00:00:00+00:00,7.8
CSE_0110,2026-01-01 00:00:00+00:00,0.09
CSE_0111,2026-01-01 00:00:00+00:00,17.47
CSE_0112,2026-01-01 00:00:00+00:00,17.45
CSE_0113,2026-01-01 00:00:00+00:00,0.0
CSE_0114,2026-01-01 00:00:00+00:00,18.77
CSE_0115,2026-01-01 00:00:00+00:00,15.13
CSE_0116,2026-01-01 00:00:00+00:00,33.84
CSE_0117,2026-01-01 00:00:00+00:00,13.01
CSE_0118,2026-01-01 00:00:00+00:00,41.45
CSE_0119,2026-01-01 00:00:00+00:00,0.0
CSE_0120,2026-01-01 00:00:00+00:00,12.31
CSE_0121,2026-01-01 00:00:00+00:00,28.87
CSE_0122,2026-01-01 00:00:00+00:00,0.0
CSE_0123,2026-01-01 00:00:00+00:00,26.52
CSE_0124,2026-01-01 00:00:00+00:00,11.9
CSE_0125,2026-01-01 00:00:00+00:00,13.0
CSE_0126,2026-01-01 00:00:00+00:00,15.49
CSE_0127,2026-01-01 00:00:00+00:00,9.37
CSE_0128,2026-01-01 00:00:00+00:00,19.87
CSE_0129,2026-01-01 00:00:00+00:00,6.01
CSE_0130,2026-01-01 00:00:00+00:00,0.0
CSE_0131,2026-01-01 00:00:00+00:00,10.3
CSE_0132,2026-01-01 00:00:00+00:00,2.03
CSE_0133,2026-01-01 00:00:00+00:00,3.22
CSE_0134,2026-01-01 00:00:00+00:00,0.0
CSE_0135,2026-01-01 00:00:00+00:00,0.0
CSE_0136,2026-01-01 00:00:00+00:00,41.35
CSE_0137,2026-01-01 00:00:00+00:00,0.0
CSE_0138,2026-01-01 00:00:00+00:00,14.01
CSE_0139,2026-01-01 00:00:00+00:00,5.47
CSE_0140,2026-01-01 00:00:00+00:00,34.57
CSE_0141,2026-01-01 00:00:00+00:00,0.0
CSE_0142,2026-01-01 00:00:00+00:00,0.0
CSE_0143,2026-01-01 00:00:00+00:00,44.11
CSE_0144,2026-01-01 00:00:00+00:00,2.6
CSE_0145,2026-01-01 00:00:00+00:00,6.14
CSE_0146,2026-01-01 00:00:00+00:00,0.0
CSE_0147,2026-01-01 00:00:00+00:00,0.0
CSE_0148,2026-01-01 00:00:00+00:00,33.14
CSE_0149,2026-01-01 00:00:00+00:00,0.0
CSE_0150,2026-01-01 00:00:00+00:00,21.9
CSE_0151,2026-01-01 00:00:00+00:00,0.0
CSE_0152,2026-01-01 00:00:00+00:00,22.68
CSE_0153,2026-01-01 00:00:00+00:00,5.2
CSE_0154,2026-01-01 00:00:00+00:00,32.06
CSE_0155,2026-01-01 00:00:00+00:00,7.36
CSE_0156,2026-01-01 00:00:00+00:00,23.79
CSE_0157,2026-01-01 00:00:00+00:00,20.96
CSE_0158,2026-01-01 00:00:00+00:00,18.15
CSE_0159,2026-01-01 00:00:00+00:00,24.48
CSE_0160,2026-01-01 00:00:00+00:00,13.63
CSE_0161,2026-01-01 00:00:00+00:00,0.0
CSE_0162,2026-01-01 00:00:00+00:00,0.0
CSE_0163,2026-01-01 00:00:00+00:00,17.42
CSE_0164,2026-01-01 00:00:00+00:00,0.0
CSE_0165,2026-01-01 00:00:00+00:00,9.72
CSE_0166,2026-01-01 00:00:00+00:00,0.0
CSE_0167,2026-01-01 00:00:00+00:00,0.0
CSE_0168,2026-01-01 00:00:00+00:00,16.15
CSE_0169,2026-01-01 00:00:00+00:00,3.55
CSE_0170,2026-01-01 00:00:00+00:00,8.01
CSE_0171,2026-01-01 00:00:00+00:00,13.04
CSE_0172,2026-01-01 00:00:00+00:00,0.0
CSE_0173,2026-01-01 00:00:00+00:00,29.68
CSE_0174,2026-01-01 00:00:00+00:00,17.26
CSE_0175,2026-01-01 00:00:00+00:00,0.92
CSE_0176,2026-01-01 00:00:00+00:00,28.49
CSE_0177,2026-01-01 00:00:00+00:00,9.76
CSE_0178,2026-01-01 00:00:00+00:00,35.22
CSE_0179,2026-01-01 00:00:00+00:00,2.66
CSE_0180,2026-01-01 00:00:00+00:00,3.65
CSE_0181,2026-01-01 00:00:00+00:00,0.0
CSE_0182,2026-01-01 00:00:00+00:00,0.0
CSE_0183,2026-01-01 00:00:00+00:00,23.23
CSE_0184,2026-01-01 00:00:00+00:00,0.15
CSE_0185,2026-01-01 00:00:00+00:00,6.35
CSE_0186,2026-01-01 00:00:00+00:00,0.0
CSE_0187,2026-01-01 00:00:00+00:00,0.0
CSE_0188,2026-01-01 00:00:00+00:00,13.02
CSE_0189,2026-01-01 00:00:00+00:00,0.0
CSE_0190,2026-01-01 00:00:00+00:00,13.0
CSE_0191,2026-01-01 00:00:00+00:00,25.73
CSE_0192,2026-01-01 00:00:00+00:00,0.52
CSE_0193,2026-01-01 00:00:00+00:00,0.0
CSE_0194,2026-01-01 00:00:00+00:00,32.98
CSE_0195,2026-01-01 00:00:00+00:00,0.0
CSE_0196,2026-01-01 00:00:00+00:00,0.0
CSE_0197,2026-01-01 00:00:00+00:00,10.58
CSE_0198,2026-01-01 00:00:00+00:00,2.13
CSE_0199,2026-01-01 00:00:00+00:00,0.0
CSE_0200,2026-01-01 00:00:00+00:00,36.29
CSE_0201,2026-01-01 00:00:00+00:00,0.0
CSE_0202,2026-01-01 00:00:00+00:00,1.22
CSE_0203,2026-01-01 00:00:00+00:00,0.0
CSE_0204,2026-01-01 00:00:00+00:00,22.5
CSE_0205,2026-01-01 00:00:00+00:00,33.1
CSE_0206,2026-01-01 00:00:00+00:00,9.49
CSE_0207,2026-01-01 00:00:00+00:00,0.0
CSE_0208,2026-01-01 00:00:00+00:00,12.08
CSE_0209,2026-01-01 00:00:00+00:00,0.0
CSE_0210,2026-01-01 00:00:00+00:00,20.69
CSE_0211,2026-01-01 00:00:00+00:00,0.0
CSE_0212,2026-01-01 00:00:00+00:00,0.0
CSE_0213,2026-01-01 00:00:00+00:00,22.33
CSE_0214,2026-01-01 00:00:00+00:00,14.49
CSE_0215,2026-01-01 00:00:00+00:00,19.65
CSE_0216,2026-01-01 00:00:00+00:00,0.0
CSE_0217,2026-01-01 00:00:00+00:00,0.0
CSE_0218,2026-01-01 00:00:00+00:00,0.0
CSE_0219,2026-01-01 00:00:00+00:00,0.0
CSE_0220,2026-01-01 00:00:00+00:00,8.19
CSE_0221,2026-01-01 00:00:00+00:00,9.51
CSE_0222,2026-01-01 00:00:00+00:00,11.06
CSE_0223,2026-01-01 00:00:00+00:00,0.0
CSE_0224,2026-01-01 00:00:00+00:00,34.35
CSE_0225,2026-01-01 00:00:00+00:00,0.0
CSE_0226,2026-01-01 00:00:00+00:00,0.0
CSE_0227,2026-01-01 00:00:00+00:00,8.07
CSE_0228,2026-01-01 00:00:00+00:00,0.0
CSE_0229,2026-01-01 00:00:00+00:00,13.13
CSE_0230,2026-01-01 00:00:00+00:00,8.94
CSE_0231,2026-01-01 00:00:00+00:00,0.0
CSE_0232,2026-01-01 00:00:00+00:00,12.59
CSE_0233,2026-01-01 00:00:00+00:00,26.64
CSE_0234,2026-01-01 00:00:00+00:00,0.0
CSE_0235,2026-01-01 00:00:00+00:00,29.81
CSE_0236,2026-01-01 00:00:00+00:00,0.0
CSE_0237,2026-01-01 00:00:00+00:00,0.0
CSE_0238,2026-01-01 00:00:00+00:00,12.74
CSE_0239,2026-01-01 00:00:00+00:00,38.35
CSE_0240,2026-01-01 00:00:00+00:00,9.33
CSE_0241,2026-01-01 00:00:00+00:00,23.24
CSE_0242,2026-01-01 00:00:00+00:00,0.0
CSE_0243,2026-01-01 00:00:00+00:00,3.7
CSE_0244,2026-01-01 00:00:00+00:00,26.12
CSE_0245,2026-01-01 00:00:00+00:00,33.91
CSE_0246,2026-01-01 00:00:00+00:00,0.0
CSE_0247,2026-01-01 00:00:00+00:00,10.28
CSE_0248,2026-01-01 00:00:00+00:00,0.0
CSE_0249,2026-01-01 00:00:00+00:00,4.34
CSE_0250,2026-01-01 00:00:00+00:00,0.0
CSE_0251,2026-01-01 00:00:00+00:00,38.7
CSE_0252,2026-01-01 00:00:00+00:00,5.47
CSE_0253,2026-01-01 00:00:00+00:00,1.76
CSE_0254,2026-01-01 00:00:00+00:00,29.07
CSE_0255,2026-01-01 00:00:00+00:00,27.87
CSE_0256,2026-01-01 00:00:00+00:00,0.0
CSE_0257,2026-01-01 00:00:00+00:00,3.94
CSE_0258,2026-01-01 00:00:00+00:00,16.26
CSE_0259,2026-01-01 00:00:00+00:00,1.67
CSE_0260,2026-01-01 00:00:00+00:00,39.96
CSE_0261,2026-01-01 00:00:00+00:00,0.0
CSE_0262,2026-01-01 00:00:00+00:00,0.0
CSE_0263,2026-01-01 00:00:00+00:00,0.0
CSE_0264,2026-01-01 00:00:00+00:00,16.1
CSE_0265,2026-01-01 00:00:00+00:00,0.0
CSE_0266,2026-01-01 00:00:00+00:00,8.93
CSE_0267,2026-01-01 00:00:00+00:00,1.57
CSE_0268,2026-01-01 00:00:00+00:00,0.0
CSE_0269,2026-01-01 00:00:00+00:00,15.29
CSE_0270,2026-01-01 00:00:00+00:00,0.0
CSE_0271,2026-01-01 00:00:00+00:00,8.47
CSE_0272,2026-01-01 00:00:00+00:00,0.0
CSE_0273,2026-01-01 00:00:00+00:00,0.0
CSE_0274,2026-01-01 00:00:00+00:00,5.87
CSE_0275,2026-01-01 00:00:00+00:00,0.0
CSE_0276,2026-01-01 00:00:00+00:00,9.13
CSE_0277,2026-01-01 00:00:00+00:00,0.0
CSE_0278,2026-01-01 00:00:00+00:00,4.69
CSE_0279,2026-01-01 00:00:00+00:00,56.05
CSE_0280,2026-01-01 00:00:00+00:00,2.65
CSE_0281,2026-01-01 00:00:00+00:00,0.0
CSE_0282,2026-01-01 00:00:00+00:00,0.0
CSE_0283,2026-01-01 00:00:00+00:00,13.16
CSE_0284,2026-01-01 00:00:00+00:00,19.65
CSE_0285,2026-01-01 00:00:00+00:00,0.0
CSE_0286,2026-01-01 00:00:00+00:00,39.64
CSE_0287,2026-01-01 00:00:00+00:00,35.86
CSE_0288,2026-01-01 00:00:00+00:00,7.68
CSE_0289,2026-01-01 00:00:00+00:00,26.1
CSE_0290,2026-01-01 00:00:00+00:00,3.67
CSE_0291,2026-01-01 00:00:00+00:00,8.32
CSE_0292,2026-01-01 00:00:00+00:00,0.0
CSE_0293,2026-01-01 00:00:00+00:00,0.0
CSE_0294,2026-01-01 00:00:00+00:00,28.25
CSE_0295,2026-01-01 00:00:00+00:00,32.02
CSE_0296,2026-01-01 00:00:00+00:00,0.0
CSE_0297,2026-01-01 00:00:00+00:00,0.0
CSE_0298,2026-01-01 00:00:00+00:00,0.0
CSE_0299,2026-01-01 00:00:00+00:00,15.95
CSE_0300,2026-01-01 00:00:00+00:00,0.0
CSE_0301,2026-01-01 00:00:00+00:00,3.85
CSE_0302,2026-01-01 00:00:00+00:00,17.27
CSE_0303,2026-01-01 00:00:00+00:00,31.42
CSE_0304,2026-01-01 00:00:00+00:00,30.48
CSE_0305,2026-01-01 00:00:00+00:00,14.71
CSE_0306,2026-01-01 00:00:00+00:00,0.0
CSE_0307,2026-01-01 00:00:00+00:00,0.0
CSE_0308,2026-01-01 00:00:00+00:00,27.16
CSE_0309,2026-01-01 00:00:00+00:00,1.75
CSE_0310,2026-01-01 00:00:00+00:00,26.74
CSE_0311,2026-01-01 00:00:00+00:00,0.0
CSE_0312,2026-01-01 00:00:00+00:00,9.45
CSE_0313,2026-01-01 00:00:00+00:00,30.65
CSE_0314,2026-01-01 00:00:00+00:00,0.0
CSE_0315,2026-01-01 00:00:00+00:00,0.0
CSE_0316,2026-01-01 00:00:00+00:00,0.73
CSE_0317,2026-01-01 00:00:00+00:00,10.4
CSE_0318,2026-01-01 00:00:00+00:00,18.11
CSE_0319,2026-01-01 00:00:00+00:00,24.86
CSE_0320,2026-01-01 00:00:00+00:00,0.0
CSE_0321,2026-01-01 00:00:00+00:00,0.0
CSE_0322,2026-01-01 00:00:00+00:00,0.0
CSE_0323,2026-01-01 00:00:00+00:00,22.16
CSE_0324,2026-01-01 00:00:00+00:00,7.69
CSE_0325,2026-01-01 00:00:00+00:00,5.62
CSE_0326,2026-01-01 00:00:00+00:00,24.21
CSE_0327,2026-01-01 00:00:00+00:00,23.14
CSE_0328,2026-01-01 00:00:00+00:00,30.81
CSE_0329,2026-01-01 00:00:00+00:00,6.77
CSE_0330,2026-01-01 00:00:00+00:00,4.85
CSE_0331,2026-01-01 00:00:00+00:00,30.36
CSE_0332,2026-01-01 00:00:00+00:00,44.37
CSE_0333,2026-01-01 00:00:00+00:00,23.59
CSE_0334,2026-01-01 00:00:00+00:00,24.31
CSE_0335,2026-01-01 00:00:00+00:00,4.84
CSE_0336,2026-01-01 00:00:00+00:00,0.0
CSE_0337,2026-01-01 00:00:00+00:00,32.55
CSE_0338,2026-01-01 00:00:00+00:00,0.0
CSE_0339,2026-01-01 00:00:00+00:00,0.0
CSE_0340,2026-01-01 00:00:00+00:00,6.05
CSE_0341,2026-01-01 00:00:00+00:00,0.0
CSE_0342,2026-01-01 00:00:00+00:00,33.65
CSE_0343,2026-01-01 00:00:00+00:00,0.0
CSE_0344,2026-01-01 00:00:00+00:00,6.84
CSE_0345,2026-01-01 00:00:00+00:00,23.13
CSE_0346,2026-01-01 00:00:00+00:00,6.43
CSE_0347,2026-01-01 00:00:00+00:00,20.33
CSE_0348,2026-01-01 00:00:00+00:00,8.61
CSE_0349,2026-01-01 00:00:00+00:00,0.04
CSE_0350,2026-01-01 00:00:00+00:00,0.0
CSE_0351,2026-01-01 00:00:00+00:00,0.0
CSE_0352,2026-01-01 00:00:00+00:00,0.0
CSE_0353,2026-01-01 00:00:00+00:00,37.42
CSE_0354,2026-01-01 00:00:00+00:00,7.37
CSE_0355,2026-01-01 00:00:00+00:00,0.0
CSE_0356,2026-01-01 00:00:00+00:00,10.03
CSE_0357,2026-01-01 00:00:00+00:00,4.43
CSE_0358,2026-01-01 00:00:00+00:00,0.0
CSE_0359,2026-01-01 00:00:00+00:00,14.84
CSE_0360,2026-01-01 00:00:00+00:00,0.0
CSE_0361,2026-01-01 00:00:00+00:00,3.72
CSE_0362,2026-01-01 00:00:00+00:00,0.0
CSE_0363,2026-01-01 00:00:00+00:00,0.92
CSE_0364,2026-01-01 00:00:00+00:00,9.92
CSE_0365,2026-01-01 00:00:00+00:00,0.0
CSE_0366,2026-01-01 00:00:00+00:00,13.66
CSE_0367,2026-01-01 00:00:00+00:00,0.0
CSE_0368,2026-01-01 00:00:00+00:00,13.86
CSE_0369,2026-01-01 00:00:00+00:00,11.96
CSE_0370,2026-01-01 00:00:00+00:00,0.68
CSE_0371,2026-01-01 00:00:00+00:00,14.93
CSE_0372,2026-01-01 00:00:00+00:00,20.27
CSE_0373,2026-01-01 00:00:00+00:00,10.9
CSE_0374,2026-01-01 00:00:00+00:00,21.68
CSE_0375,2026-01-01 00:00:00+00:00,0.0
CSE_0376,2026-01-01 00:00:00+00:00,3.57
CSE_0377,2026-01-01 00:00:00+00:00,23.14
CSE_0378,2026-01-01 00:00:00+00:00,0.0
CSE_0379,2026-01-01 00:00:00+00:00,0.0
CSE_0380,2026-01-01 00:00:00+00:00,11.29
CSE_0381,2026-01-01 00:00:00+00:00,0.0
CSE_0382,2026-01-01 00:00:00+00:00,0.0
CSE_0383,2026-01-01 00:00:00+00:00,0.0
CSE_0384,2026-01-01 00:00:00+00:00,0.96
CSE_0385,2026-01-01 00:00:00+00:00,0.0
CSE_0386,2026-01-01 00:00:00+00:00,30.07
CSE_0387,2026-01-01 00:00:00+00:00,2.63
CSE_0388,2026-01-01 00:00:00+00:00,28.35
CSE_0389,2026-01-01 00:00:00+00:00,33.39
CSE_0390,2026-01-01 00:00:00+00:00,0.0
CSE_0391,2026-01-01 00:00:00+00:00,0.0
CSE_0392,2026-01-01 00:00:00+00:00,3.46
CSE_0393,2026-01-01 00:00:00+00:00,3.17
CSE_0394,2026-01-01 00:00:00+00:00,28.54
CSE_0395,2026-01-01 00:00:00+00:00,0.0
CSE_0396,2026-01-01 00:00:00+00:00,28.63
CSE_0397,2026-01-01 00:00:00+00:00,0.0
CSE_0398,2026-01-01 00:00:00+00:00,0.0
CSE_0399,2026-01-01 00:00:00+00:00,23.74
CSE_0400,2026-01-01 00:00:00+00:00,16.24
CSE_0401,2026-01-01 00:00:00+00:00,8.61
CSE_0402,2026-01-01 00:00:00+00:00,0.0
CSE_0403,2026-01-01 00:00:00+00:00,13.61
CSE_0404,2026-01-01 00:00:00+00:00,4.17
CSE_0405,2026-01-01 00:00:00+00:00,19.68
CSE_0406,2026-01-01 00:00:00+00:00,0.0
CSE_0407,2026-01-01 00:00:00+00:00,33.58
CSE_0408,2026-01-01 00:00:00+00:00,48.46
CSE_0409,2026-01-01 00:00:00+00:00,2.98
CSE_0410,2026-01-01 00:00:00+00:00,0.0
CSE_0411,2026-01-01 00:00:00+00:00,0.0
CSE_0412,2026-01-01 00:00:00+00:00,10.34
CSE_0413,2026-01-01 00:00:00+00:00,23.15
CSE_0414,2026-01-01 00:00:00+00:00,0.0
CSE_0415,2026-01-01 00:00:00+00:00,11.76
CSE_0416,2026-01-01 00:00:00+00:00,5.11
CSE_0417,2026-01-01 00:00:00+00:00,15.34
CSE_0418,2026-01-01 00:00:00+00:00,0.0
CSE_0419,2026-01-01 00:00:00+00:00,17.02
CSE_0420,2026-01-01 00:00:00+00:00,22.54
CSE_0421,2026-01-01 00:00:00+00:00,0.0
CSE_0422,2026-01-01 00:00:00+00:00,14.36
CSE_0423,2026-01-01 00:00:00+00:00,8.15
CSE_0424,2026-01-01 00:00:00+00:00,16.49
CSE_0425,2026-01-01 00:00:00+00:00,11.99
CSE_0426,2026-01-01 00:00:00+00:00,11.91
CSE_0427,2026-01-01 00:00:00+00:00,0.0
CSE_0428,2026-01-01 00:00:00+00:00,0.0
CSE_0429,2026-01-01 00:00:00+00:00,0.0
CSE_0430,2026-01-01 00:00:00+00:00,0.0
CSE_0431,2026-01-01 00:00:00+00:00,13.43
CSE_0432,2026-01-01 00:00:00+00:00,21.49
CSE_0433,2026-01-01 00:00:00+00:00,0.0
CSE_0434,2026-01-01 00:00:00+00:00,0.0
CSE_0435,2026-01-01 00:00:00+00:00,0.0
CSE_0436,2026-01-01 00:00:00+00:00,0.0
CSE_0437,2026-01-01 00:00:00+00:00,22.64
CSE_0438,2026-01-01 00:00:00+00:00,19.82
CSE_0439,2026-01-01 00:00:00+00:00,0.0
CSE_0440,2026-01-01 00:00:00+00:00,0.0
CSE_0441,2026-01-01 00:00:00+00:00,0.0
CSE_0442,2026-01-01 00:00:00+00:00,14.73
CSE_0443,2026-01-01 00:00:00+00:00,0.0
CSE_0444,2026-01-01 00:00:00+00:00,0.0
CSE_0445,2026-01-01 00:00:00+00:00,13.05
CSE_0446,2026-01-01 00:00:00+00:00,16.7
CSE_0447,2026-01-01 00:00:00+00:00,0.0
CSE_0448,2026-01-01 00:00:00+00:00,0.0
CSE_0449,2026-01-01 00:00:00+00:00,10.46
CSE_0450,2026-01-01 00:00:00+00:00,52.92
CSE_0451,2026-01-01 00:00:00+00:00,8.6
CSE_0452,2026-01-01 00:00:00+00:00,0.0
CSE_0453,2026-01-01 00:00:00+00:00,10.62
CSE_0454,2026-01-01 00:00:00+00:00,0.0
CSE_0455,2026-01-01 00:00:00+00:00,0.0
CSE_0456,2026-01-01 00:00:00+00:00,34.83
CSE_0457,2026-01-01 00:00:00+00:00,0.0
CSE_0458,2026-01-01 00:00:00+00:00,12.6
CSE_0459,2026-01-01 00:00:00+00:00,13.6
CSE_0460,2026-01-01 00:00:00+00:00,37.7
CSE_0461,2026-01-01 00:00:00+00:00,16.7
CSE_0462,2026-01-01 00:00:00+00:00,25.39
CSE_0463,2026-01-01 00:00:00+00:00,21.4
CSE_0464,2026-01-01 00:00:00+00:00,0.0
CSE_0465,2026-01-01 00:00:00+00:00,10.72
CSE_0466,2026-01-01 00:00:00+00:00,24.15
CSE_0467,2026-01-01 00:00:00+00:00,9.22
CSE_0468,2026-01-01 00:00:00+00:00,0.0
CSE_0469,2026-01-01 00:00:00+00:00,0.0
CSE_0470,2026-01-01 00:00:00+00:00,23.76
CSE_0471,2026-01-01 00:00:00+00:00,18.19
CSE_0472,2026-01-01 00:00:00+00:00,0.0
CSE_0473,2026-01-01 00:00:00+00:00,43.53
CSE_0474,2026-01-01 00:00:00+00:00,0.0
CSE_0475,2026-01-01 00:00:00+00:00,6.76
CSE_0476,2026-01-01 00:00:00+00:00,0.0
CSE_0477,2026-01-01 00:00:00+00:00,5.09
CSE_0478,2026-01-01 00:00:00+00:00,13.0
CSE_0479,2026-01-01 00:00:00+00:00,3.48
CSE_0480,2026-01-01 00:00:00+00:00,0.0
CSE_0481,2026-01-01 00:00:00+00:00,27.36
CSE_0482,2026-01-01 00:00:00+00:00,0.0
CSE_0483,2026-01-01 00:00:00+00:00,25.39
CSE_0484,2026-01-01 00:00:00+00:00,31.33
CSE_0485,2026-01-01 00:00:00+00:00,4.17
CSE_0486,2026-01-01 00:00:00+00:00,0.0
CSE_0487,2026-01-01 00:00:00+00:00,16.98
CSE_0488,2026-01-01 00:00:00+00:00,10.12
CSE_0489,2026-01-01 00:00:00+00:00,13.11
CSE_0490,2026-01-01 00:00:00+00:00,42.73
CSE_0491,2026-01-01 00:00:00+00:00,4.57
CSE_0492,2026-01-01 00:00:00+00:00,0.0
CSE_0493,2026-01-01 00:00:00+00:00,0.0
CSE_0494,2026-01-01 00:00:00+00:00,1.86
CSE_0495,2026-01-01 00:00:00+00:00,28.89
CSE_0496,2026-01-01 00:00:00+00:00,3.87
CSE_0497,2026-01-01 00:00:00+00:00,0.0
CSE_0498,2026-01-01 00:00:00+00:00,0.0
CSE_0499,2026-01-01 00:00:00+00:00,20.0
CSE_0500,2026-01-01 00:00:00+00:00,4.21
CSE_0501,2026-01-01 00:00:00+00:00,5.09
CSE_0502,2026-01-01 00:00:00+00:00,0.0
CSE_0503,2026-01-01 00:00:00+00:00,0.0
CSE_0504,2026-01-01 00:00:00+00:00,0.0
CSE_0505,2026-01-01 00:00:00+00:00,0.0
CSE_0506,2026-01-01 00:00:00+00:00,23.77
CSE_0507,2026-01-01 00:00:00+00:00,0.0
CSE_0508,2026-01-01 00:00:00+00:00,5.24
CSE_0509,2026-01-01 00:00:00+00:00,0.0
CSE_0510,2026-01-01 00:00:00+00:00,44.84
CSE_0511,2026-01-01 00:00:00+00:00,48.87
CSE_0512,2026-01-01 00:00:00+00:00,15.25
CSE_0513,2026-01-01 00:00:00+00:00,28.2
CSE_0514,2026-01-01 00:00:00+00:00,10.38
CSE_0515,2026-01-01 00:00:00+00:00,10.99
CSE_0516,2026-01-01 00:00:00+00:00,13.64
CSE_0517,2026-01-01 00:00:00+00:00,6.41
CSE_0518,2026-01-01 00:00:00+00:00,15.73
CSE_0519,2026-01-01 00:00:00+00:00,15.73
CSE_0520,2026-01-01 00:00:00+00:00,8.19
CSE_0521,2026-01-01 00:00:00+00:00,18.46
CSE_0522,2026-01-01 00:00:00+00:00,10.32
CSE_0523,2026-01-01 00:00:00+00:00,22.08
CSE_0524,2026-01-01 00:00:00+00:00,1.26
CSE_0525,2026-01-01 00:00:00+00:00,0.0
CSE_0526,2026-01-01 00:00:00+00:00,8.44
CSE_0527,2026-01-01 00:00:00+00:00,28.68
CSE_0528,2026-01-01 00:00:00+00:00,0.0
CSE_0529,2026-01-01 00:00:00+00:00,31.07
CSE_0530,2026-01-01 00:00:00+00:00,33.3
CSE_0531,2026-01-01 00:00:00+00:00,14.16
CSE_0532,2026-01-01 00:00:00+00:00,6.04
CSE_0533,2026-01-01 00:00:00+00:00,0.0
CSE_0534,2026-01-01 00:00:00+00:00,0.0
CSE_0535,2026-01-01 00:00:00+00:00,0.0
CSE_0536,2026-01-01 00:00:00+00:00,0.0
CSE_0537,2026-01-01 00:00:00+00:00,6.88
CSE_0538,2026-01-01 00:00:00+00:00,0.0
CSE_0539,2026-01-01 00:00:00+00:00,0.0
CSE_0540,2026-01-01 00:00:00+00:00,26.41
CSE_0541,2026-01-01 00:00:00+00:00,5.69
CSE_0542,2026-01-01 00:00:00+00:00,0.0
CSE_0543,2026-01-01 00:00:00+00:00,12.17
CSE_0544,2026-01-01 00:00:00+00:00,0.0
CSE_0545,2026-01-01 00:00:00+00:00,23.76
CSE_0546,2026-01-01 00:00:00+00:00,0.0
CSE_0547,2026-01-01 00:00:00+00:00,50.61
CSE_0548,2026-01-01 00:00:00+00:00,19.67
CSE_0549,2026-01-01 00:00:00+00:00,21.98
CSE_0550,2026-01-01 00:00:00+00:00,0.0
CSE_0551,2026-01-01 00:00:00+00:00,0.0
CSE_0552,2026-01-01 00:00:00+00:00,0.0
CSE_0553,2026-01-01 00:00:00+00:00,0.0
CSE_0554,2026-01-01 00:00:00+00:00,0.0
CSE_0555,2026-01-01 00:00:00+00:00,11.77
CSE_0556,2026-01-01 00:00:00+00:00,0.0
CSE_0557,2026-01-01 00:00:00+00:00,26.3
CSE_0558,2026-01-01 00:00:00+00:00,10.17
CSE_0559,2026-01-01 00:00:00+00:00,0.0
CSE_0560,2026-01-01 00:00:00+00:00,1.32
CSE_0561,2026-01-01 00:00:00+00:00,13.38
CSE_0562,2026-01-01 00:00:00+00:00,41.58
CSE_0563,2026-01-01 00:00:00+00:00,6.81
CSE_0564,2026-01-01 00:00:00+00:00,0.0
CSE_0565,2026-01-01 00:00:00+00:00,9.74
CSE_0566,2026-01-01 00:00:00+00:00,0.0
CSE_0567,2026-01-01 00:00:00+00:00,25.64
CSE_0568,2026-01-01 00:00:00+00:00,16.96
CSE_0569,2026-01-01 00:00:00+00:00,14.37
CSE_0570,2026-01-01 00:00:00+00:00,23.99
CSE_0571,2026-01-01 00:00:00+00:00,0.0
CSE_0572,2026-01-01 00:00:00+00:00,8.44
CSE_0573,2026-01-01 00:00:00+00:00,20.96
CSE_0574,2026-01-01 00:00:00+00:00,0.0
CSE_0575,2026-01-01 00:00:00+00:00,0.0
CSE_0576,2026-01-01 00:00:00+00:00,0.22
CSE_0577,2026-01-01 00:00:00+00:00,3.97
CSE_0578,2026-01-01 00:00:00+00:00,0.0
CSE_0579,2026-01-01 00:00:00+00:00,0.0
CSE_0580,2026-01-01 00:00:00+00:00,0.0
CSE_0581,2026-01-01 00:00:00+00:00,0.0
CSE_0582,2026-01-01 00:00:00+00:00,11.49
CSE_0583,2026-01-01 00:00:00+00:00,0.0
CSE_0584,2026-01-01 00:00:00+00:00,10.12
CSE_0585,2026-01-01 00:00:00+00:00,38.19
CSE_0586,2026-01-01 00:00:00+00:00,12.29
CSE_0587,2026-01-01 00:00:00+00:00,27.65
CSE_0588,2026-01-01 00:00:00+00:00,0.0
CSE_0589,2026-01-01 00:00:00+00:00,9.06
CSE_0590,2026-01-01 00:00:00+00:00,25.35
CSE_0591,2026-01-01 00:00:00+00:00,29.07
CSE_0592,2026-01-01 00:00:00+00:00,19.55
CSE_0593,2026-01-01 00:00:00+00:00,0.0
CSE_0594,2026-01-01 00:00:00+00:00,0.0
CSE_0595,2026-01-01 00:00:00+00:00,0.0
CSE_0596,2026-01-01 00:00:00+00:00,2.05
CSE_0597,2026-01-01 00:00:00+00:00,0.0
CSE_0598,2026-01-01 00:00:00+00:00,5.18
CSE_0599,2026-01-01 00:00:00+00:00,0.0
CSE_0600,2026-01-01 00:00:00+00:00,23.99
CSE_0601,2026-01-01 00:00:00+00:00,17.67
CSE_0602,2026-01-01 00:00:00+00:00,0.0
CSE_0603,2026-01-01 00:00:00+00:00,51.26
CSE_0604,2026-01-01 00:00:00+00:00,0.0
CSE_0605,2026-01-01 00:00:00+00:00,16.2
CSE_0606,2026-01-01 00:00:00+00:00,10.07
CSE_0607,2026-01-01 00:00:00+00:00,15.14
CSE_0608,2026-01-01 00:00:00+00:00,9.38
CSE_0609,2026-01-01 00:00:00+00:00,6.45
CSE_0610,2026-01-01 00:00:00+00:00,10.46
CSE_0611,2026-01-01 00:00:00+00:00,0.0
CSE_0612,2026-01-01 00:00:00+00:00,26.21
CSE_0613,2026-01-01 00:00:00+00:00,0.0
CSE_0614,2026-01-01 00:00:00+00:00,0.0
CSE_0615,2026-01-01 00:00:00+00:00,35.13
CSE_0616,2026-01-01 00:00:00+00:00,0.0
CSE_0617,2026-01-01 00:00:00+00:00,22.48
CSE_0618,2026-01-01 00:00:00+00:00,5.7
CSE_0619,2026-01-01 00:00:00+00:00,0.0
CSE_0620,2026-01-01 00:00:00+00:00,0.0
CSE_0621,2026-01-01 00:00:00+00:00,0.0
CSE_0622,2026-01-01 00:00:00+00:00,17.73
CSE_0623,2026-01-01 00:00:00+00:00,0.0
CSE_0624,2026-01-01 00:00:00+00:00,23.0
CSE_0625,2026-01-01 00:00:00+00:00,21.53
CSE_0626,2026-01-01 00:00:00+00:00,0.0
CSE_0627,2026-01-01 00:00:00+00:00,0.0
CSE_0628,2026-01-01 00:00:00+00:00,0.0
CSE_0629,2026-01-01 00:00:00+00:00,35.23
CSE_0630,2026-01-01 00:00:00+00:00,0.0
CSE_0631,2026-01-01 00:00:00+00:00,23.65
CSE_0632,2026-01-01 00:00:00+00:00,0.0
CSE_0633,2026-01-01 00:00:00+00:00,1.77
CSE_0634,2026-01-01 00:00:00+00:00,16.27
CSE_0635,2026-01-01 00:00:00+00:00,40.16
CSE_0636,2026-01-01 00:00:00+00:00,9.63
CSE_0637,2026-01-01 00:00:00+00:00,4.79
CSE_0638,2026-01-01 00:00:00+00:00,0.0
CSE_0639,2026-01-01 00:00:00+00:00,0.0
CSE_0640,2026-01-01 00:00:00+00:00,0.0
CSE_0641,2026-01-01 00:00:00+00:00,4.88
CSE_0642,2026-01-01 00:00:00+00:00,0.0
CSE_0643,2026-01-01 00:00:00+00:00,16.24
CSE_0644,2026-01-01 00:00:00+00:00,44.7
CSE_0645,2026-01-01 00:00:00+00:00,0.0
CSE_0646,2026-01-01 00:00:00+00:00,11.88
CSE_0647,2026-01-01 00:00:00+00:00,32.85
CSE_0648,2026-01-01 00:00:00+00:00,11.42
CSE_0649,2026-01-01 00:00:00+00:00,2.18
CSE_0650,2026-01-01 00:00:00+00:00,28.4
CSE_0651,2026-01-01 00:00:00+00:00,1.15
CSE_0652,2026-01-01 00:00:00+00:00,6.88
CSE_0653,2026-01-01 00:00:00+00:00,0.0
CSE_0654,2026-01-01 00:00:00+00:00,22.0
CSE_0655,2026-01-01 00:00:00+00:00,36.1
CSE_0656,2026-01-01 00:00:00+00:00,7.83
CSE_0657,2026-01-01 00:00:00+00:00,2.42
CSE_0658,2026-01-01 00:00:00+00:00,37.54
CSE_0659,2026-01-01 00:00:00+00:00,24.87
CSE_0660,2026-01-01 00:00:00+00:00,7.1
CSE_0661,2026-01-01 00:00:00+00:00,0.0
CSE_0662,2026-01-01 00:00:00+00:00,38.77
CSE_0663,2026-01-01 00:00:00+00:00,0.0
CSE_0664,2026-01-01 00:00:00+00:00,20.44
CSE_0665,2026-01-01 00:00:00+00:00,8.89
CSE_0666,2026-01-01 00:00:00+00:00,51.92
CSE_0667,2026-01-01 00:00:00+00:00,6.01
CSE_0668,2026-01-01 00:00:00+00:00,26.73
CSE_0669,2026-01-01 00:00:00+00:00,3.86
CSE_0670,2026-01-01 00:00:00+00:00,30.08
CSE_0671,2026-01-01 00:00:00+00:00,26.54
CSE_0672,2026-01-01 00:00:00+00:00,5.24
CSE_0673,2026-01-01 00:00:00+00:00,0.0
CSE_0674,2026-01-01 00:00:00+00:00,35.09
CSE_0675,2026-01-01 00:00:00+00:00,0.0
CSE_0676,2026-01-01 00:00:00+00:00,15.01
CSE_0677,2026-01-01 00:00:00+00:00,0.0
CSE_0678,2026-01-01 00:00:00+00:00,0.0
CSE_0679,2026-01-01 00:00:00+00:00,9.98
CSE_0680,2026-01-01 00:00:00+00:00,25.06
CSE_0681,2026-01-01 00:00:00+00:00,0.0
CSE_0682,2026-01-01 00:00:00+00:00,3.5
CSE_0683,2026-01-01 00:00:00+00:00,46.89
CSE_0684,2026-01-01 00:00:00+00:00,18.8
CSE_0685,2026-01-01 00:00:00+00:00,0.0
CSE_0686,2026-01-01 00:00:00+00:00,8.44
CSE_0687,2026-01-01 00:00:00+00:00,20.11
CSE_0688,2026-01-01 00:00:00+00:00,0.0
CSE_0689,2026-01-01 00:00:00+00:00,0.0
CSE_0690,2026-01-01 00:00:00+00:00,0.0
CSE_0691,2026-01-01 00:00:00+00:00,4.57
CSE_0692,2026-01-01 00:00:00+00:00,9.23
CSE_0693,2026-01-01 00:00:00+00:00,19.85
CSE_0694,2026-01-01 00:00:00+00:00,5.34
CSE_0695,2026-01-01 00:00:00+00:00,0.0
CSE_0696,2026-01-01 00:00:00+00:00,1.77
CSE_0697,2026-01-01 00:00:00+00:00,6.78
CSE_0698,2026-01-01 00:00:00+00:00,0.0
CSE_0699,2026-01-01 00:00:00+00:00,27.13
CSE_0700,2026-01-01 00:00:00+00:00,16.14
CSE_0701,2026-01-01 00:00:00+00:00,0.0
CSE_0702,2026-01-01 00:00:00+00:00,29.16
CSE_0703,2026-01-01 00:00:00+00:00,29.52
CSE_0704,2026-01-01 00:00:00+00:00,1.15
CSE_0705,2026-01-01 00:00:00+00:00,13.76
CSE_0706,2026-01-01 00:00:00+00:00,5.38
CSE_0707,2026-01-01 00:00:00+00:00,0.0
CSE_0708,2026-01-01 00:00:00+00:00,0.0
CSE_0709,2026-01-01 00:00:00+00:00,38.53
CSE_0710,2026-01-01 00:00:00+00:00,5.48
CSE_0711,2026-01-01 00:00:00+00:00,0.0
CSE_0712,2026-01-01 00:00:00+00:00,10.76
CSE_0713,2026-01-01 00:00:00+00:00,6.86
CSE_0714,2026-01-01 00:00:00+00:00,18.87
CSE_0715,2026-01-01 00:00:00+00:00,1.6
CSE_0716,2026-01-01 00:00:00+00:00,0.0
CSE_0717,2026-01-01 00:00:00+00:00,8.35
CSE_0718,2026-01-01 00:00:00+00:00,11.21
CSE_0719,2026-01-01 00:00:00+00:00,21.82
CSE_0720,2026-01-01 00:00:00+00:00,4.45
CSE_0721,2026-01-01 00:00:00+00:00,0.0
CSE_0722,2026-01-01 00:00:00+00:00,1.8
CSE_0723,2026-01-01 00:00:00+00:00,36.33
CSE_0724,2026-01-01 00:00:00+00:00,18.46
CSE_0725,2026-01-01 00:00:00+00:00,24.4
CSE_0726,2026-01-01 00:00:00+00:00,0.0
CSE_0727,2026-01-01 00:00:00+00:00,0.0
CSE_0728,2026-01-01 00:00:00+00:00,0.0
CSE_0729,2026-01-01 00:00:00+00:00,0.0
CSE_0730,2026-01-01 00:00:00+00:00,16.76
CSE_0731,2026-01-01 00:00:00+00:00,0.0
CSE_0732,2026-01-01 00:00:00+00:00,45.14
CSE_0733,2026-01-01 00:00:00+00:00,0.0
CSE_0734,2026-01-01 00:00:00+00:00,0.0
CSE_0735,2026-01-01 00:00:00+00:00,0.0
CSE_0736,2026-01-01 00:00:00+00:00,26.19
CSE_0737,2026-01-01 00:00:00+00:00,24.98
CSE_0738,2026-01-01 00:00:00+00:00,0.0
CSE_0739,2026-01-01 00:00:00+00:00,16.55
CSE_0740,2026-01-01 00:00:00+00:00,10.54
CSE_0741,2026-01-01 00:00:00+00:00,20.87
CSE_0742,2026-01-01 00:00:00+00:00,42.06
CSE_0743,2026-01-01 00:00:00+00:00,0.0
CSE_0744,2026-01-01 00:00:00+00:00,0.0
CSE_0745,2026-01-01 00:00:00+00:00,14.27
CSE_0746,2026-01-01 00:00:00+00:00,0.0
CSE_0747,2026-01-01 00:00:00+00:00,0.0
CSE_0748,2026-01-01 00:00:00+00:00,27.8
CSE_0749,2026-01-01 00:00:00+00:00,0.0
CSE_0750,2026-01-01 00:00:00+00:00,27.47
CSE_0751,2026-01-01 00:00:00+00:00,6.28
CSE_0752,2026-01-01 00:00:00+00:00,26.0
CSE_0753,2026-01-01 00:00:00+00:00,0.0
CSE_0754,2026-01-01 00:00:00+00:00,0.0
CSE_0755,2026-01-01 00:00:00+00:00,31.29
CSE_0756,2026-01-01 00:00:00+00:00,6.13
CSE_0757,2026-01-01 00:00:00+00:00,5.96
CSE_0758,2026-01-01 00:00:00+00:00,0.0
CSE_0759,2026-01-01 00:00:00+00:00,0.0
CSE_0760,2026-01-01 00:00:00+00:00,12.04
CSE_0761,2026-01-01 00:00:00+00:00,0.0
CSE_0762,2026-01-01 00:00:00+00:00,33.05
CSE_0763,2026-01-01 00:00:00+00:00,12.34
CSE_0764,2026-01-01 00:00:00+00:00,5.04
CSE_0765,2026-01-01 00:00:00+00:00,0.0
CSE_0766,2026-01-01 00:00:00+00:00,0.0
CSE_0767,2026-01-01 00:00:00+00:00,0.0
CSE_0768,2026-01-01 00:00:00+00:00,11.23
CSE_0769,2026-01-01 00:00:00+00:00,0.0
CSE_0770,2026-01-01 00:00:00+00:00,0.0
CSE_0771,2026-01-01 00:00:00+00:00,35.14
CSE_0772,2026-01-01 00:00:00+00:00,0.0
CSE_0773,2026-01-01 00:00:00+00:00,28.76
CSE_0774,2026-01-01 00:00:00+00:00,17.14
CSE_0775,2026-01-01 00:00:00+00:00,0.0
CSE_0776,2026-01-01 00:00:00+00:00,23.64
CSE_0777,2026-01-01 00:00:00+00:00,19.42
CSE_0778,2026-01-01 00:00:00+00:00,16.81
CSE_0779,2026-01-01 00:00:00+00:00,0.0
CSE_0780,2026-01-01 00:00:00+00:00,23.8
CSE_0781,2026-01-01 00:00:00+00:00,2.47
CSE_0782,2026-01-01 00:00:00+00:00,38.54
CSE_0783,2026-01-01 00:00:00+00:00,31.13
CSE_0784,2026-01-01 00:00:00+00:00,23.0
CSE_0785,2026-01-01 00:00:00+00:00,10.21
CSE_0786,2026-01-01 00:00:00+00:00,0.0
CSE_0787,2026-01-01 00:00:00+00:00,2.7
CSE_0788,2026-01-01 00:00:00+00:00,23.66
CSE_0789,2026-01-01 00:00:00+00:00,36.77
CSE_0790,2026-01-01 00:00:00+00:00,25.54
CSE_0791,2026-01-01 00:00:00+00:00,20.43
CSE_0792,2026-01-01 00:00:00+00:00,21.89
CSE_0793,2026-01-01 00:00:00+00:00,8.6
CSE_0794,2026-01-01 00:00:00+00:00,0.0
CSE_0795,2026-01-01 00:00:00+00:00,26.79
CSE_0796,2026-01-01 00:00:00+00:00,0.0
CSE_0797,2026-01-01 00:00:00+00:00,10.97
CSE_0798,2026-01-01 00:00:00+00:00,15.31
CSE_0799,2026-01-01 00:00:00+00:00,21.66
CSE_0800,2026-01-01 00:00:00+00:00,14.46
CSE_0801,2026-01-01 00:00:00+00:00,22.52
CSE_0802,2026-01-01 00:00:00+00:00,0.0
CSE_0803,2026-01-01 00:00:00+00:00,45.55
CSE_0804,2026-01-01 00:00:00+00:00,14.3
CSE_0805,2026-01-01 00:00:00+00:00,15.76
CSE_0806,2026-01-01 00:00:00+00:00,40.17
CSE_0807,2026-01-01 00:00:00+00:00,0.0
CSE_0808,2026-01-01 00:00:00+00:00,0.0
CSE_0809,2026-01-01 00:00:00+00:00,0.0
CSE_0810,2026-01-01 00:00:00+00:00,12.23
CSE_0811,2026-01-01 00:00:00+00:00,35.24
CSE_0812,2026-01-01 00:00:00+00:00,1.45
CSE_0813,2026-01-01 00:00:00+00:00,46.87
CSE_0814,2026-01-01 00:00:00+00:00,0.0
CSE_0815,2026-01-01 00:00:00+00:00,0.0
CSE_0816,2026-01-01 00:00:00+00:00,17.51
CSE_0817,2026-01-01 00:00:00+00:00,0.0
CSE_0818,2026-01-01 00:00:00+00:00,1.89
CSE_0819,2026-01-01 00:00:00+00:00,0.0
CSE_0820,2026-01-01 00:00:00+00:00,28.54
CSE_0821,2026-01-01 00:00:00+00:00,11.35
CSE_0822,2026-01-01 00:00:00+00:00,16.08
CSE_0823,2026-01-01 00:00:00+00:00,29.54
CSE_0824,2026-01-01 00:00:00+00:00,0.45
CSE_0825,2026-01-01 00:00:00+00:00,18.44
CSE_0826,2026-01-01 00:00:00+00:00,29.02
CSE_0827,2026-01-01 00:00:00+00:00,26.92
CSE_0828,2026-01-01 00:00:00+00:00,13.07
CSE_0829,2026-01-01 00:00:00+00:00,0.0
CSE_0830,2026-01-01 00:00:00+00:00,13.53
CSE_0831,2026-01-01 00:00:00+00:00,13.8
CSE_0832,2026-01-01 00:00:00+00:00,21.76
CSE_0833,2026-01-01 00:00:00+00:00,25.63
CSE_0834,2026-01-01 00:00:00+00:00,20.69
CSE_0835,2026-01-01 00:00:00+00:00,0.0
CSE_0836,2026-01-01 00:00:00+00:00,0.05
CSE_0837,2026-01-01 00:00:00+00:00,0.0
CSE_0838,2026-01-01 00:00:00+00:00,0.0
CSE_0839,2026-01-01 00:00:00+00:00,49.24
CSE_0840,2026-01-01 00:00:00+00:00,6.27
CSE_0841,2026-01-01 00:00:00+00:00,28.63
CSE_0842,2026-01-01 00:00:00+00:00,0.0
CSE_0843,2026-01-01 00:00:00+00:00,0.0
CSE_0844,2026-01-01 00:00:00+00:00,12.16
CSE_0845,2026-01-01 00:00:00+00:00,0.0
CSE_0846,2026-01-01 00:00:00+00:00,2.16
CSE_0847,2026-01-01 00:00:00+00:00,23.54
CSE_0848,2026-01-01 00:00:00+00:00,15.4
CSE_0849,2026-01-01 00:00:00+00:00,12.55
CSE_0850,2026-01-01 00:00:00+00:00,30.2
CSE_0851,2026-01-01 00:00:00+00:00,17.42
CSE_0852,2026-01-01 00:00:00+00:00,5.67
CSE_0853,2026-01-01 00:00:00+00:00,35.43
CSE_0854,2026-01-01 00:00:00+00:00,0.0
CSE_0855,2026-01-01 00:00:00+00:00,24.19
CSE_0856,2026-01-01 00:00:00+00:00,0.0
CSE_0857,2026-01-01 00:00:00+00:00,0.0
CSE_0858,2026-01-01 00:00:00+00:00,12.33
CSE_0859,2026-01-01 00:00:00+00:00,12.88
CSE_0860,2026-01-01 00:00:00+00:00,3.55
CSE_0861,2026-01-01 00:00:00+00:00,0.0
CSE_0862,2026-01-01 00:00:00+00:00,17.38
CSE_0863,2026-01-01 00:00:00+00:00,29.67
CSE_0864,2026-01-01 00:00:00+00:00,0.0
CSE_0865,2026-01-01 00:00:00+00:00,0.0
CSE_0866,2026-01-01 00:00:00+00:00,0.0
CSE_0867,2026-01-01 00:00:00+00:00,13.89
CSE_0868,2026-01-01 00:00:00+00:00,9.94
CSE_0869,2026-01-01 00:00:00+00:00,12.32
CSE_0870,2026-01-01 00:00:00+00:00,0.0
CSE_0871,2026-01-01 00:00:00+00:00,28.66
CSE_0872,2026-01-01 00:00:00+00:00,0.0
CSE_0873,2026-01-01 00:00:00+00:00,0.0
CSE_0874,2026-01-01 00:00:00+00:00,18.45
CSE_0875,2026-01-01 00:00:00+00:00,0.0
CSE_0876,2026-01-01 00:00:00+00:00,17.56
CSE_0877,2026-01-01 00:00:00+00:00,16.07
CSE_0878,2026-01-01 00:00:00+00:00,5.88
CSE_0879,2026-01-01 00:00:00+00:00,46.18
CSE_0880,2026-01-01 00:00:00+00:00,14.16
CSE_0881,2026-01-01 00:00:00+00:00,10.37
CSE_0882,2026-01-01 00:00:00+00:00,0.0
CSE_0883,2026-01-01 00:00:00+00:00,0.0
CSE_0884,2026-01-01 00:00:00+00:00,18.59
CSE_0885,2026-01-01 00:00:00+00:00,0.64
CSE_0886,2026-01-01 00:00:00+00:00,26.09
CSE_0887,2026-01-01 00:00:00+00:00,28.51
CSE_0888,2026-01-01 00:00:00+00:00,0.0
CSE_0889,2026-01-01 00:00:00+00:00,0.63
CSE_0890,2026-01-01 00:00:00+00:00,25.68
CSE_0891,2026-01-01 00:00:00+00:00,26.02
CSE_0892,2026-01-01 00:00:00+00:00,12.51
CSE_0893,2026-01-01 00:00:00+00:00,16.07
CSE_0894,2026-01-01 00:00:00+00:00,17.9
CSE_0895,2026-01-01 00:00:00+00:00,0.0
CSE_0896,2026-01-01 00:00:00+00:00,44.77
CSE_0897,2026-01-01 00:00:00+00:00,0.0
CSE_0898,2026-01-01 00:00:00+00:00,0.0
CSE_0899,2026-01-01 00:00:00+00:00,25.46
CSE_0900,2026-01-01 00:00:00+00:00,0.0
CSE_0901,2026-01-01 00:00:00+00:00,19.25
CSE_0902,2026-01-01 00:00:00+00:00,0.0
CSE_0903,2026-01-01 00:00:00+00:00,41.41
CSE_0904,2026-01-01 00:00:00+00:00,0.0
CSE_0905,2026-01-01 00:00:00+00:00,17.94
CSE_0906,2026-01-01 00:00:00+00:00,18.44
CSE_0907,2026-01-01 00:00:00+00:00,4.9
CSE_0908,2026-01-01 00:00:00+00:00,21.84
CSE_0909,2026-01-01 00:00:00+00:00,25.7
CSE_0910,2026-01-01 00:00:00+00:00,0.0
CSE_0911,2026-01-01 00:00:00+00:00,1.45
CSE_0912,2026-01-01 00:00:00+00:00,0.0
CSE_0913,2026-01-01 00:00:00+00:00,0.0
CSE_0914,2026-01-01 00:00:00+00:00,0.0
CSE_0915,2026-01-01 00:00:00+00:00,1.87
CSE_0916,2026-01-01 00:00:00+00:00,0.0
CSE_0917,2026-01-01 00:00:00+00:00,0.0
CSE_0918,2026-01-01 00:00:00+00:00,18.55
CSE_0919,2026-01-01 00:00:00+00:00,0.0
CSE_0920,2026-01-01 00:00:00+00:00,26.49
CSE_0921,2026-01-01 00:00:00+00:00,0.27
CSE_0922,2026-01-01 00:00:00+00:00,0.0
CSE_0923,2026-01-01 00:00:00+00:00,17.24
CSE_0924,2026-01-01 00:00:00+00:00,11.89
CSE_0925,2026-01-01 00:00:00+00:00,25.0
CSE_0926,2026-01-01 00:00:00+00:00,0.0
CSE_0927,2026-01-01 00:00:00+00:00,29.06
CSE_0928,2026-01-01 00:00:00+00:00,23.04
CSE_0929,2026-01-01 00:00:00+00:00,0.0
CSE_0930,2026-01-01 00:00:00+00:00,13.09
CSE_0931,2026-01-01 00:00:00+00:00,24.02
CSE_0932,2026-01-01 00:00:00+00:00,0.0
CSE_0933,2026-01-01 00:00:00+00:00,1.32
CSE_0934,2026-01-01 00:00:00+00:00,4.93
CSE_0935,2026-01-01 00:00:00+00:00,19.96
CSE_0936,2026-01-01 00:00:00+00:00,0.0
CSE_0937,2026-01-01 00:00:00+00:00,9.1
CSE_0938,2026-01-01 00:00:00+00:00,0.0
CSE_0939,2026-01-01 00:00:00+00:00,2.8
CSE_0940,2026-01-01 00:00:00+00:00,0.0
CSE_0941,2026-01-01 00:00:00+00:00,25.61
CSE_0942,2026-01-01 00:00:00+00:00,4.59
CSE_0943,2026-01-01 00:00:00+00:00,0.0
CSE_0944,2026-01-01 00:00:00+00:00,0.0
CSE_0945,2026-01-01 00:00:00+00:00,50.9
CSE_0946,2026-01-01 00:00:00+00:00,0.0
CSE_0947,2026-01-01 00:00:00+00:00,21.99
CSE_0948,2026-01-01 00:00:00+00:00,2.59
CSE_0949,2026-01-01 00:00:00+00:00,30.7
CSE_0950,2026-01-01 00:00:00+00:00,32.32
CSE_0951,2026-01-01 00:00:00+00:00,0.0
CSE_0952,2026-01-01 00:00:00+00:00,18.78
CSE_0953,2026-01-01 00:00:00+00:00,0.0
CSE_0954,2026-01-01 00:00:00+00:00,3.73
CSE_0955,2026-01-01 00:00:00+00:00,12.82
CSE_0956,2026-01-01 00:00:00+00:00,0.0
CSE_0957,2026-01-01 00:00:00+00:00,0.42
CSE_0958,2026-01-01 00:00:00+00:00,0.0
CSE_0959,2026-01-01 00:00:00+00:00,1.39
CSE_0960,2026-01-01 00:00:00+00:00,0.0
CSE_0961,2026-01-01 00:00:00+00:00,27.13
CSE_0962,2026-01-01 00:00:00+00:00,51.85
CSE_0963,2026-01-01 00:00:00+00:00,0.0
CSE_0964,2026-01-01 00:00:00+00:00,32.71
CSE_0965,2026-01-01 00:00:00+00:00,8.35
CSE_0966,2026-01-01 00:00:00+00:00,22.03
CSE_0967,2026-01-01 00:00:00+00:00,0.0
CSE_0968,2026-01-01 00:00:00+00:00,0.0
CSE_0969,2026-01-01 00:00:00+00:00,0.0
CSE_0970,2026-01-01 00:00:00+00:00,19.31
CSE_0971,2026-01-01 00:00:00+00:00,29.92
CSE_0972,2026-01-01 00:00:00+00:00,11.93
CSE_0973,2026-01-01 00:00:00+00:00,0.45
CSE_0974,2026-01-01 00:00:00+00:00,44.22
CSE_0975,2026-01-01 00:00:00+00:00,0.0
CSE_0976,2026-01-01 00:00:00+00:00,8.15
CSE_0977,2026-01-01 00:00:00+00:00,2.55
CSE_0978,2026-01-01 00:00:00+00:00,13.36
CSE_0979,2026-01-01 00:00:00+00:00,2.93
CSE_0980,2026-01-01 00:00:00+00:00,1.63
CSE_0981,2026-01-01 00:00:00+00:00,15.78
CSE_0982,2026-01-01 00:00:00+00:00,36.04
CSE_0983,2026-01-01 00:00:00+00:00,31.11
CSE_0984,2026-01-01 00:00:00+00:00,20.44
CSE_0985,2026-01-01 00:00:00+00:00,0.0
CSE_0986,2026-01-01 00:00:00+00:00,23.54
CSE_0987,2026-01-01 00:00:00+00:00,0.0
CSE_0988,2026-01-01 00:00:00+00:00,10.59
CSE_0989,2026-01-01 00:00:00+00:00,1.02
CSE_0990,2026-01-01 00:00:00+00:00,0.0
CSE_0991,2026-01-01 00:00:00+00:00,0.0
CSE_0992,2026-01-01 00:00:00+00:00,29.32
CSE_0993,2026-01-01 00:00:00+00:00,4.19
CSE_0994,2026-01-01 00:00:00+00:00,0.0
CSE_0995,2026-01-01 00:00:00+00:00,58.69
CSE_0996,2026-01-01 00:00:00+00:00,0.0
CSE_0997,2026-01-01 00:00:00+00:00,19.36
CSE_0998,2026-01-01 00:00:00+00:00,0.0
CSE_0999,2026-01-01 00:00:00+00:00,0.0
CSE_1000,2026-01-01 00:00:00+00:00,24.4
